productcomp,producttype,productspec
african catfish,catfish,african
alaska cod,cod,alaska
alcohol free beer,beer,alcohol free
alcoholic drink,alchoholic drink,alchoholic drink
alfalfa sprout,alfalfa,sprout
algae,algae,algae
allspice,allspice,allspice
almond,almond,almond
almond drink,almond,drink
almond oil,almond,oil
aloe vera juice,aloe vera,juice
amaranth grain,amaranth,grain
amberjack,amberjack,amberjack
anchovie,anchovie,anchovie
anglerfish,anglerfish,anglerfish
animal fat tissue,animal,fat tissue
anise seed,anise,seed
apple,apple,apple
apple jam,apple,jam
apple jucie,apple,juice
apple juice,apple,juice
apricot,apricot,apricot
apricot jam,apricot,jam
apricot juice,apricot,juice
apricot kernel,apricot,kernel
arctic char,char,arctic
aromatic herb,aromatic herb,aromatic herb
artichoke,artichoke,artichoke
asiago,asiago,asiago
asparagus,asparagus,asparagus
aubergine,aubergine,aubergine
avocado,avocado,avocado
baby maize,maize,baby
baffalo fresh meat,baffalo,fresh meat
balm dried leaf,balm,dried leaf
baltic harring,harring,baltic
banana,banana,banana
banana juice,banana,juice
barley,barley,barley
barley coffee,barley coffee,barley coffee
barley flour,barley,flour
barley grain,barley,grain
barley groat,barley,groat
barracuda,barracuda,barracuda
basil,basil,basil
bean,bean,bean
bean and meat meal,bean and meat,meal
bean without pod,bean,without pod
bechamel,bechamel,bechamel
bee product,bee,product
beef and pork fresh meat,beef and pork,fresh meat
beef and pork minced meat,beef and pork,minced meat
beef carcase,beef,carcase
beef cooked cured meat,beef,cooked cured meat
beef fat tissue,beef,fat tissue
beef fresh meat,beef,fresh meat
beef ham,beef,ham
beef heart,beef,heart
beef kidney,beef,kidney
beef liver,beef,liver
beef minced meat,beef,minced meat
beef offal,beef,offal
beef salami,beef,salami
beef stock cube,beef,stock cube
beef tallow,beef,tallow
beef tongue,beef,tongue
beer,beer,beer
beetroot,beetroot,beetroot
beetroot juice,beetroot,juice
berry,berry,berry
biscuit,biscuit,biscuit
bivalve mollusc,bivalve mollusc,bivalve mollusc
black pepper,pepper,black
blackberry,blackberry,blackberry
blackberry infusion leaf,blackberry,infusion leaf
blackcurrant,currant,black
blackcurrant juice,currant,black juice
blood,blood,blood
blood sausage,sausage,blood
blue cod,cod,blue
blue mussel,mussel,blue
blue shark,shark,blue
blueberry,blueberry,blueberry
bluefin tuna,tuna,bluefin
bogue,bogue,bogue
bonito,bonito,bonito
borage,borage,borage
bran,bran,bran
brazil nut,brazil nut,brazil nut
bread,bread,bread
bread dish,bread,dish
bread dried flour,bread,dried flour
breadcrumb,breadcrumb,breadcrumb
bream,bream,bream
brie,brie,brie
brill,brill,brill
brioche,brioche,brioche
broad bean,broad bean,broad bean
broccoli,broccoli,broccoli
brown cane sugar,cane sugar,brown
brown sugar,sugar,brown
brown trout,trout,brown
brussel sprout,brussel sprout,brussel sprout
buckwheat,buckwheat,buckwheat
buckwheat food,buckwheat,flour
buckwheat groat,buckwheat,groat
bulgur,bulgur,bulgur
butter,butter,butter
buttermilk,buttermilk,buttermilk
cabbage,cabbage,cabbage
caciocavallo,caciocavallo,caciocavallo
cake,cake,cake
camembert,camembert,camembert
candied banana,banana,candied
candied fruit,fruit,candied
candied nut,nut,candied
candy,candy,candy
canned anchovie,anchovie,canned
canned apple,apple,canned
canned bean,bean,canned
canned chickpeas,chickpeas,canned
canned fish,fish,canned
canned french bean,french bean,canned
canned fruit,fruit,canned
canned herring,herring,canned
canned mackerel,mackerel,canned
canned meat,meat,canned
canned mushroom,mushroom,canned
canned peach,peach,canned
canned pear,pear,canned
canned pineapple,pineapple,canned
canned salmon,salmon,canned
canned sardine,sardine,canned
canned seafood,seafood,canned
canned sprat fish,sprat fish,canned
canned sweet maize,maize,canned sweet
canned tuna,tuna,canned
canned vegetable,vegetable,canned
carambolas,carambolas,carambolas
caraway,caraway,caraway
caraway seed,caraway,seed
carbonated water,water,carbonated
cardamom,cardamom,cardamom
carob,carob,carob
carp,carp,carp
carrot,carrot,carrot
carrot juice,carrot,juice
cashew nut,cashew nut,cashew nut
casing,casing,casing
cassava flour,cassava,flour
cassava root,cassava,root
catfish,catfish,catfish
cauliflower,cauliflower,cauliflower
celeriac,celeriac,celeriac
celery,celery,celery
celery leaf,celery,leaf
cephalopod,cephalopod,cephalopod
ceps,ceps,ceps
cereal,cereal,cereal
cereal bar,cereal,bar
cereal bread,cereal bread,cereal bread
cereal flour,cereal,flour
cereal grain,cereal,grain
cereal snack,cereal,snack
cerela with added protein powder,cereal with added protein,powder
chamomile,chamomile,chamomile
chanterelle,chanterelle,chanterelle
char,char,char
chard,chard,chard
cheddar,cheddar,cheddar
cheese,cheese,cheese
cheese cake,cheese cake,cheese cake
cheese powder,cheese,powder
cheese spread,cheese,spread
cherry,cherry,cherry
chestnut,chestnut,chestnut
chewing gum,chewing gum,chewing gum
chia seed,chia,seed
chicken,chicken,chicken
chicken carcase,chicken,carcase
chicken cooked egg,chicken,cooked egg
chicken egg,chicken,egg
chicken egg yolk,chicken,egg yolk
chicken fat tissue,chicken,fat tissue
chicken feed,chicken,chicken
chicken fresh meat,chicken,fresh meat
chicken liver,chicken,liver
chicken minced meat,chicken,minced meat
chicken offal,chicken,offal
chicken stock cube,chicken,stock cube
chickpeas,chickpeas,chickpeas
chickpeas flour,chickpeas,flour
chicorie,chicorie,chicorie
chicory coffee,chicory coffee,chicory coffee
chili pepper,chili pepper,chili pepper
chinese cabbage,cabbage,chinese
chinotto,chinotto,chinotto
chips,chips,chips
chives,chives,chives
chocolate,chocolate,chocolate
chocolate biscuit,biscuit,chocolate
chocolate cake,chocolate cake,chocolate cake
chocolate coated confectionery,confectionery,chocolate coated
chocolate spread,chocolate spread,chocolate spread
choux pastry,choux pastry,choux pastry
chutney,chutney,chutney
cider,cider,cider
cinnamon,cinnamon,cinnamon
clam,clam,clam
clementine,clementine,clementine
clove,clove,clove
coalfish,coalfish,coalfish
cockles,cockles,cockles
cocoa,cocoa,cocoa
cocoa bean,cocoa,bean
cocoa butter,cocoa butter,cocoa butter
cocoa drink powder,cocoa,drink powder
cocoa mass,cocoa mass,cocoa mass
cocoa powder,cocoa,powder
coconut,coconut,coconut
coconut milk,coconut,milk
coconut oil,coconut,oil
cod,cod,cod
cod liver,cod,liver
cod liver oil,cod,liver oil
coffee bean,coffee bean,coffee bean
coffee beverage,coffee,beverage
coffee powder,coffee powder,coffee powder
cola,cola,cola
comb honey,honey,comb
cooked and seasoned pasta,pasta,cooked and seasoned
cooked pasta,pasta,cooked
cooked pork ham,pork,cooked ham
cooked poultry,poultry,cooked
cooked ricee,rice,cooked
cooked salami,salami,cooked
cooked sausage,sausage,cooked
cooked spread sausage,sausage,cooked spread
cooked tomato sauce,tomato,cooked sauce
cooked turkey,turkey,cooked
coriander leaf,coriander,leaf
coriander seed,coriander,seed
courgette,courgette,courgette
couscous,couscous,couscous
cow half fat milk,cow,half fat milk
cow milk,cow,milk
cow milk fat,cow,milk fat
cow milk powder,cow,milk powder
cow skimmed milk,cow,skimmed milk
cow whole milk,cow,whole milk
crab,crab,crab
cracker,cracker,cracker
cranberry,cranberry,cranberry
cranberry juice,cranberry,juice
cream,cream,cream
cream cheese,cream cheese,cream cheese
cream powder,cream,powder
crisp bread,crisp bread,crisp bread
croissant,croissant,croissant
crucian carp,carp,crucian
cucumber,cucumber,cucumber
curl maize,maize,curl
curly cabbage,cabbage,curly
currant,currant,currant
curry sauce,curry,sauce
custard,custard,custard
cuttlefish,cuttlefish,cuttlefish
cyprinids,cyprinids,cyprinids
dark chocolate,chocolate,dark
dates,dates,dates
decaffeinated tea,tea,decaffeinated
deer fat tissue,deer,fat tissue
deer fresh meat,deer,fresh meat
deer liver,deer,liver
dentex,dentex,dentex
dill leaf,dill,leaf
dish finger breaded,fish,finger breaded
dolphinfish,dolphinfish,dolphinfish
doughnut,doughnut,doughnut
dried apple,apple,dried
dried apricot,apricot,dried
dried banana,banana,dried
dried bay leaf,bay leaf,dried
dried bean,bean,dried
dried beef,beef,dried
dried black eyed peas,peas,dried black eyed
dried broad bean,broad bean,dried
dried chicken egg,chicken,dried egg
dried chicken egg yolk,chicken,dried egg yolk
dried chickpeas,chickpeas,dried
dried curry,curry,dried
dried dates,dates,dried
dried egg pasta,egg pasta,dried
dried fennel,fennel,dried
dried field bean,field bean,dried
dried figs,figs,dried
dried fruit,fruit,dried
dried garden peas,garden peas,dried
dried herb,herb,dried
dried legume,legume,dried
dried lentil,lentil,dried
dried lovage,lovage,dried
dried lupin,lupin,dried
dried mango,mango,dried
dried marjoram,marjoram,dried
dried meat and vegetable soup,meat and vegetable,dried soup
dried mint,mint,dried
dried mix for cake,mix for cake,dried
dried mung bean,mung bean,dried
dried mushroom,mushroom,dried
dried navy bean,navy bean,dried
dried oregano,oregano,dried
dried pasta,pasta,dried
dried peas,peas,dried
dried peas for feed,peas,dried
dried peppers,peppers,dried
dried plum,plum,dried
dried pork,pork,dried
dried porridge,porridge,dried
dried rosemary,rosemary,dried
dried sage,sage,dried
dried soup,soup,dried
dried soy,soy,dried
dried thyme,thyme,dried
dried tomato,tomato,dried
dried tomato soup,tomato,dried soup
dried vegetable,vegetable,dried
dried vegetable soup,vegetable,dried soup
dry basil,basil,dry
duck egg,duck,egg
duck fat tissue,duck,fat tissue
duck fresh meat,duck,fresh meat
duck liver,duck,liver
dulse,dulse,dulse
eel,eel,eel
egg pasta,egg pasta,egg pasta
elderberry juice,elderberry,juice
emmental,emmental,emmental
escarole,escarole,escarole
fat and oil,fat and oil,fat and oil
fat from animal tissue,fat,from animal tissue
fennel,fennel,fennel
fennel seed,fennel,seed
fenugreek seed,fenugreek,seed
fermented milk,fermented milk,fermented milk
fermented tea,tea,fermented
feta,feta,feta
fiber supplement,fiber,supplement
figs,figs,figs
filled cooked pasta,pasta,filled cooked
fish,fish,fish
fish and potato meal,fish and potato,meal
fish and vegetable meal,fish and vegetable,meal
fish liver,fish,liver
fish meal,fish,meal
fish offal,fish,offal
fish oil,fish,oil
fish paste,fish,paste
fish roe,fish,roe
fish salad,fish,salad
fish sauce,fish,sauce
fish soup,fish,soup
flakes,flakes,flakes
flavoured milk,milk,flavoured
flavoured salt,salt,flavoured
flavoured spirit,spirit,flavoured
flavoured water,water,flavoured
flavoured wine,wine,flavoured
flavoured yoghurt,yoghurt,flavoured
flavouring tea,tea,flavouring
flounder,salt,salt
fonio grain,fonio,grain
fontina,fontina,fontina
french bean,french bean,french bean
fresh cheese,cheese,fresh
fruit and vegetable jam,fruit and vegetable,jam
fruit and vegetable spread,fruit and vegetable,spread
fruit cake,fruit cake,fruit cake
fruit chips,fruit chips,fruit chips
fruit infusion,fruit,infusion
fruit jelly,fruit,jelly
fruit liqueur,fruit liqueur,fruit liqueur
fruit preparation,fruit,preparation
functional drink,functional drink,functional drink
garden peas without pod,garden peas,without pod
garfish,garfish,garfish
garlic,garlic,garlic
garlic paste,garlic,paste
gastropod,gastropod,gastropod
gelatine,gelatine,gelatine
gelly candy,candy,gelly
ghee,ghee,ghee
gherkin,gherkin,gherkin
gin,gin,gin
ginger root,ginger,root
gingerbread,gingerbread,gingerbread
girger root,ginger,root
gluten,gluten,gluten
gluten free bread,bread,gluten free
gluten free pasta,pasta,gluten free
goat fat tissue,goat,fat tissue
goat fresh meat,goat,fresh meat
goat liver,goat,liver
goat milk,goat,milk
goat yoghurt,goat,yoghurt
gojiberry,gojiberry,gojiberry
goose egg,goose,egg
goose fresh meat,goose,fresh meat
goose liver,goose,liver
goose processed fat tissue,goose,processed fat tissue
gooseberry,gooseberry,gooseberry
gorgonzola,gorgonzola,gorgonzola
gouda,gouda,gouda
grana padano,grana padano,grana padano
grape,grape,grape
grape juice,grape,juice
grape leaf,grape leaf,grape leaf
grape oil,grape,oil
grapefruit,grapefruit,grapefruit
grapefruit juice,grapefruit,juice
green coffee,coffee,green
green mussel,mussel,green
grouper,grouper,grouper
guinea fowl fresh meat,guinea fowl,fresh meat
haddock,haddock,haddock
hake,hake,hake
halibut,halibut,halibut
halva,halva,halva
hard candy,candy,hard
hard cheese,cheese,hard
hard cheesee,cheese,hard
hare fresh meat,hare,fresh meat
harring,harring,harring
hazelnut,hazelnut,hazelnut
head cabbage,head cabbage,head cabbage
head cheese,head cheese,head cheese
hemp infusion leaf,hemp,infusion leaf
hemp seed,hemp,seed
hemp seed oil,hemp,seed oil
herb and spices,herb and spices,herb and spices
herb and spices sauce,herb and spices,sauce
herb liqueur,herb,liqueur
herbal extract,herbal,extract
herbal infusion,herbal,infusion
herbal infusion extract,herbal,infusion extract
herbal infusion leaf,herbal,infusion leaf
herring roe,herring,roe
hibiscus infusion,hibiscus,infusion
honey,honey,honey
honeydew honey,honey,honeydew
hops,hops,hops
horse fat tissue,horse,fat tissue
horse fresh meat,horse,fresh meat
horse kidney,horse,kidney
horse liver,horse ,liver
horse mackerel,horse mackerel,horse mackerel
horse meat,horse ,fresh meat
horse minced meat,horse,minced meat
horseradish root,horseradish,root
hot chocolate,chocolate,hot
huckleberry,huckleberry,huckleberry
ice,ice,ice
ice cream,ice cream,ice cream
insect,insect,insect
instant coffee powder,coffee powder,instant
instant decaffeinated,coffee powder,instant decaffeinated
instant oat,oat,instant
iodised and fluoridated salt,salt,iodised and fluoridated
iodisen salt,salt,iodisen
isotonic drink,isotonic drink,isotonic drink
jam,jam,jam
jelly candy,candy,jelly
juice,juice,juice
kaki,kaki,kaki
kefir,kefir,kefir
ketchup,ketchup,ketchup
kiwi,kiwi,kiwi
kohlrabi,kohlrabi,kohlrabi
kombu,kombu,kombu
lactose,lactose,lactose
lamb fresh meat,lamb,fresh meat
lamb's lettuce,lamb's lettuce,lamb's lettuce
lamprey,lamprey,lamprey
lard,lard,lard
laver,laver,laver
leek,leek,leek
legume,legume,legume
legume flour,legume,flour
legume soup,legume,soup
lemon,lemon,lemon
lemon balm,lemon balm,lemon balm
lemon juice,lemon,juice
lemongrass,lemongrass,lemongrass
lentil,lentil,lentil
lettuce,lettuce,lettuce
lime,lime,lime
lime infusion flower,lime flower,infusion
limpet,limpet,limpet
ling,ling,ling
linseed,linseed,linseed
linseed oil,linseed,oil
liqueur,liqueur,liqueur
liqueur wine,wine,liqueur
liquorice,liquorice,liquorice
liquorice candy,candy,liquorice
litchi,litchi,litchi
liver,liver,liver
lobster,lobster,lobster
long grain rice,rice,long grain
macadamia,macadamia,macadamia
macaroon,macaroon,macaroon
mackerel,mackerel,mackerel
maize,maize,maize
maize chips,maize chips,maize chips
maize flakes,maize,flakes
maize meal,miaze,meal
maize oil,maize,oil
maize porridge,maize porridge,maize porridge
maize semolina,maize,semolina
maize starch,maize,starch
mallard fresh meat,mallard,fresh meat
malt coffee,malt coffee,malt coffee
malt extraxt,malt,extraxt
mandarin,mandarin,mandarin
mango,mango,mango
mango juice,mango,juice
margarine,margarine,margarine
marinated meat,meat,marinated
marjoram,marjoram,marjoram
marzipan,marzipan,marzipan
mascarone,mascarpone,mascarpone
mayonnaise,mayonnaise,mayonnaise
meal for weight reduction,meal,for weight reduction
meat and rice and vegetable meal,meat and rice and vegetable,meal
meat ball,meat ball,meat ball
meat meal,meat,meal
meat soup,meat,soup
medlar,medlar,medlar
megrim,megrim,megrim
melon,melon,melon
metapenaeus shrimp,shrimp,metapenaeus
miaze flour,maize,flour
miaze grain,maize,grain
milk chocolate,chocolate,milk
milk protein,milk,protein
milk skimmed powder,milk,skimmed powder
millet,millet,millet
millet flour,millet,flour
millet grain,millet,grain
mint,mint,mint
mirabelle plum,plum,mirabelle
mixed nut,tree nut,tree nut
molasses,molasses,molasses
mollusc,mollusc,mollusc
monofloral honey,honey,monofloral
moose,moose,moose
mortadella,mortadella,mortadella
mozzarella,mozzarella,mozzarella
msm beef,beef,msm
msm chicken,chicken,msm
muffin,muffin,muffin
mufflon fresh meat,mufflon,fresh meat
mulberry,mulberry,mulberry
mullet,mullet,mullet
mullet roe,mullet,roe
mushroom,mushroom,mushroom
muslei,muslei,muslei
mussel,mussel,mussel
mustard sauce,mustard,sauce
mustard seed,mustard,seed
nashi pear,pear,nashi
nectarine,nectarine,nectarine
nigella seed,nigella,seed
nile perch,perch,nile
non fermented infusion tea,tea,infusion non feremented
non fermented tea,tea,non fermented
noodle,noodle,noodle
northern pike,northern pike,northern pike
nougat,nougat,nougat
nut and seed flour,nut and seed,flour
nut mass,nut mass,nut mass
nutmeg seed,nutmeg,seed
oat,oat,oat
oat biscuit,oat,biscuit
oat drink,oat,drink
oat flakes,oat,flakes
oat flour,oat,flour
oat grain,oat,grain
oat groat,oat,groat
oat porridge,oat,porridge
octopus,octopus,octopus
oil and fat for frying,oil and fat,for frying
oilseed,oilseed,oilseed
okra,okra,okra
olive,olive,olive
olive oil,olive,oil
olive pomace oil,olive,pomace  oil
onion,onion,onion
onion bulb,onion bulb,onion bulb
orange,orange,orange
orange jam,orange,jam
orange juice,orange,juice
orange soft drink,orange,soft drink
ostrich egg,ostrich,egg
ovine milk,ovine,milk
oyster,oyster,oyster
pacific herring,herring,pacific
pak choi,pak choi,pak choi
palm kernel for feed,palm,kernel
palm kernel oil,palm,kernel oil
palm oil,palm,oil
pancake,pancake,pancake
pancetta,pancetta,pancetta
pangas catfishes,pangas catfishes,pangas catfishes
papaya,papaya,papaya
paprika powder,paprika,powder
paprika sausage,sausage,paprika
parmigiano reggiano,parmigiano reggiano,parmigiano reggiano
parsley,parsley,parsley
parsley root,parsley,root
parsnip root,parsnip,root
passion fruit,passion fruit,passion fruit
pasta,pasta,pasta
peach,peach,peach
peach juice,peach,juice
peanut,peanut,peanut
peanut butter,peanut,butter
peanut oil,peanut,oil
pear,pear,pear
pear juice,juice,pear
pearl oyster mushroom,mushroom,pearl oyster
peas,peas,peas
peas without pod,peas,without pod
pecan,pecan,pecan
pecorino,pecorino,pecorino
pecorino romano,pecorino romano,pecorino romano
pepper,pepper,pepper
peppermint,peppermint,peppermint
peppermint infusion,peppermint,infusion
peppers,peppers,peppers
perch,perch,perch
pesto,pesto,pesto
pheasant fresh meat,pheasant,fresh meat
pickled or marinated fish,fish,pickled or marinated
pickled or marinated seafood,seafood,pickled or marinated
pickled or marinated vegetable,vegetable,pickled or marinated
pike,pike,pike
pike perch,pike perch,pike perch
pine nut,pine nut,pine nut
pineapple,pineapple,pineapple
pineapple juice,pineapple,juice
pistachios,pistachios,pistachios
pita,pita,pita
pizza,pizza,pizza
plaice,plaice,plaice
plant oil,plant oil,plant oil
plum,plum,plum
pollen,pollen,pollen
polydextrose,polydextrose,polydextrose
polyfloral honey,honey,polyfloral
pomegranate,pomegranate,pomegranate
pomegranate juice,pomegranate,juice
pomelo,pomelo,pomelo
pomfret fish,pomfret fish,pomfret fish
popcorn,popcorn,popcorn
popped cereal,cereal,popped
popped rice,rice,popped
popped wheat,wheat,popped
poppy seed,seed,poppy
porbeagle,porbeagle,porbeagle
pork bacon,pork,bacon
pork cooked cured meat,pork,cooked cured meat
pork cured meat,pork,cured meat
pork fat tissue,pork,fat tissue
pork fresh meat,pig,fresh meat
pork ham,pork,ham
pork heat,pork,heart
pork kidney,pork,kidney
pork liver,pork,liver
pork liver pate,pork,liver pate
pork loaf,pork,loaf
pork minced meat,pork,minced meat
portuguese oyster,oyster,portuguese
potato,potato,potato
potato and rice meal,potato and rice,meal
potato chips,potato chips,potato chips
potato croquette,poatato,croquette
potato meal,potato,meal
potato powder,potato powder,potato powder
potato puree,potato,puree
potato starch,potato,starch
poultry fat tissue,poultry,fat tissue
poultry fresh meat,poultry,fresh meat
poultry liver,poultry,liver
poultry salami,poultry,salami
powder tea,tea,powder
praline,praline,praline
prawn,prawn,prawn
pretzel,pretzel,pretzel
prickly pear,prickly pear,prickly pear
processed fish,fish,pocessed
processed meat,meat,processed
processed olive,olive,processed
processed seafood,seafood,processed
processed tomato,tomato,processed
processed vegetable,vegetable,processed
provolone,provolone,provolone
puffed bread,puffed bread,puffed bread
puffed maize bread,puffed maize bread,puffed maize bread
puffed rice bread,puffed rice bread,puffed rice bread
puffed wheat bread,puffed wheat bread,puffed wheat bread
pumpkin,pumpkin,pumpkin
pumpkin oil,pumpkin,oil
pumpkin seed,pumpkin,seed
quail egg,quail,egg
quali fresh meat,quail,fresh meat
quark,quark,quark
queen scallop,scallop,queen
quince,quince,quince
quinoa grain,quinoa,grain
rabbit fresh meat,rabbit,fresh meat
rabbit liver,rabbit,liver
radicchio,radicchio,radicchio
radish leaf,radish,leaf
rainbow trout,trout,rainbow
raisins,raisins,raisins
rapeseed,rapeseed,rapeseed
rapeseed oil,rapeseed,oil
raspberry,raspberry,raspberry
raspberry infusion leaf,raspberry,infusion leaf
ratites fresh meat,ratites,fresh meat
ready to eat meal,meal,ready to eat
red cabbage,cabbage,red
red lettuce,lettuce,red
red rice,rice,red
red snapper,snapper,red
red wine,wine,red
redcurrant,currant,red
reindeer,reindeer,reindeer
rhubarb,rhubarb,rhubarb
rice,rice,rice
rice and vegetable meal,rice and vegetable,meal
rice flakes,rice,flakes
rice flour,rice,flour
rice grain,rice,grain
rice noodle,rice,noodle
rice porridge,rice,porridge
ricotta,ricotta,ricotta
ripened salami,salami,ripened
rippened soft cheese,cheese,rippened soft
roaches,roaches,roaches
roasted coffee ground,coffee ground,roasted
rock rose infusion leaf,rock rose,infusion leaf
roe deer,roe deer,roe deer
roesti,roesti,roesti
roman rocket,roman rocket,roman rocket
rooibos,rooibos,rooibos
rooibos infusion,rooibos,infusion
roquefort,roquefort,roquefort
rose infusion flower,rose,infusion flower
rosemary,rosemary,rosemary
rosted and decaffeinated coffee,coffee,rosted and decaffeinated
rosted and decaffeinated coffee ground,coffee ground,rosted and decaffeinated
rosted coffee bean,coffee bean,rosted
rrice grain,rice,grain
rum,rum,rum
rusk,rusk,rusk
rye,rye,rye
rye and weat bread,rye and weat bread,rye and weat bread
rye bread,rye bread,rye bread
rye flakes,rye,flakes
rye flour,rye,flour
rye grain,rye,grain
rye groat,rye,groat
safflower seed oil,safflower,seed oil
saffron,saffron,saffron
sage,sage,sage
salad,salad,salad
salami,salami,salami
salmon,salmon,salmon
salt,salt,salt
salted fish,fish,salted
salted seafood,seafood,salted
salted vegetable,vegetable,salted
sangria,sangria,sangria
sant john infusion leaf,sant john,infusion leaf
sardine,sardine,sardine
sardinella,sardinella,sardinella
satsuma,satsuma,satsuma
sauce,sauce,sauce
sauerkraut,sauerkraut,sauerkraut
sausage,sausage,sausage
savoy cabbage,savoy cabbage,savoy cabbage
scallop,scallop,scallop
scamorza,scamorza,scamorza
scones,scones,scones
sea lettuce,sea lettuce,sea lettuce
sea urchin,sea urchin,sea urchin
seabass,seabass,seabass
seasoning,seasoning,seasoning
seed oil,seed,oil
semi hard cheese,cheese,semi hard
semolina,semolina,semolina
sesame seed,sesame,seed
sesame seed oil,sesame,seed oil
shandy,shandy,shandy
shark,shark,shark
sheep fat tissue,sheep,fat tissue
sheep fresh meat,sheep,fresh meat
sheep kidney,sheep,kidney
sheep liver,sheep,liver
sheep milk,sheep,milk
sheep tallow,sheep,tallow
sherry,sherry,sherry
shiitake,shiitake,shiitake
shortcrust,shortcrust,shortcrust
shrimp,shrimp,shrimp
shrimp and prawn,shrimp and prawn,shrimp and prawn
skipjack tuna,tuna,skipjack
sliced cheese,cheese,sliced
smoked fish,fish,smoked
smoked harring,herring,smoked
smoked mackerel,mackerel,smoked
smoked salmon,salmon,smoked
snack,snack,snack
snail,snail,snail
soft candy,candy,soft
soft cheese,cheese,soft
soft drink,soft drink,soft drink
soft drink with caffein,soft drink,with caffein
soft ripened cheese,cheese,soft ripened
sole,sole,sole
sorghum flour,sorghum,flour
sour cherry,sour cherry,sour cherry
sour cherry jam,sour cherry,jam
sour cream,sour cream,sour cream
soy,soy,soy
soy drink,soy,drink
soy meal,soy,meal
soy oil,soy,oil
soy protein,soy,protein
speck,speck,speck
spelt flour,spelt,flour
spelt grain,spelt,grain
spices,spices,spices
spiny dogfish,spiny dogfish,spiny dogfish
spirit,spirit,spirit
spirit from stone fruits,spirit,from stone fruits
spirulina,spirulina,spirulina
sponge biscuit,biscuit,sponge
sprat fish,sprat fish,sprat fish
spread cheese,cheese,spread
spread liver,liver,spread
spring onion,spring onion,spring onion
squid,squid,squid
starchy pudding,starchy pudding,starchy pudding
still natural mineral water,water,still natural mineral
still water,water,still
stock cube,stock cube,stock cube
strawberry,strawberry,strawberry
strawberry infusion leaf,strawberry,infusion leaf
strawberry jam,strawberry,jam
stuffed biscuit,biscuit,stuffed
sturgeon,sturgeon,sturgeon
sugar,sugar,sugar
sugar beet syrup,sugar beet syrup,sugar beet syrup
sugar beetroot,sugar beetroot,sugar beetroot
summer squash,summer squash,summer squash
sunflower seed,sunflower ,seed
sunflower seed oil,sunflower ,seed oil
sweet maize,maize,sweet
sweet pepper,sweet pepper,sweet pepper
sweet potato,sweet potato,sweet potato
swiss chard,swiss chard,swiss chard
swordfish,swordfish,swordfish
syrup,syrup,syrup
tahini,tahini,tahini
tap water,water,tap
tapioca starch,tapioca,starch
tapioca starch snack,tapioca,starch snack
tarragon,tarragon,tarragon
tea beverage,tea beverage,tea beverage
tea leaf,tea,leaf
tea powder extract,tea powder,extract
teff grain,teff,grain
tench,tench,tench
thyme,thyme,thyme
tigernut,tigernut,tigernut
tilapia,tilapia,tilapia
tofu,tofu,tofu
tomato,tomato,tomato
tomato juice,tomato,juice
tomato paste,tomato,paste
tomato sauce,tomato,sauce
tomato soup,tomato,soup
tortilla,tortilla,tortilla
trout,trout,trout
tuna,tuna,tuna
turbot,turbot,turbot
turkey fat tissue,turkey,fat tissue
turkey fresh meat,turkey,fresh meat
turkey liver,turkey,liver
turmenic root,turmenic,root
turmeric root,turmeric root,turmeric root
turnip,turnip,turnip
unleavened bread,unleavened bread,unleavened bread
unsweetened spirit,unsweetened spirit,unsweetened spirit
vegetable,vegetable,vegetable
vegetable juice,vegetable,juice
vegetable meal,meal,vegetable 
vegetable oil,vegetable,oil
vegetable paste,vegetable,paste
vegetable salad,vegetable,salad
vegetable soup,vegetable,soup
vegetable stock cube,vegetable,stock cube
vermouth,vermouth,vermouth
vervain infusion leaf,vervain,infusion leaf
vinegar,vinegar,vinegar
vitamin and mineral supplement,vitamin and mineral,supplement
vodka,vodka,vodka
wafer,wafer,wafer
waffle,waffle,waffle
wakame,wakame,wakame
walnut,walnut,walnut
walnut oil,walnut,oil
water,water,water
water spinach,water spinach,water spinach
watermelon,watermelon,watermelon
watermelon seed,watermelon,seed
welsh onion,onion,welsh
wheat,wheat,wheat
wheat and maize bread,wheat and maize bread,wheat and maize bread
wheat and potato bread,wheat and potato bread,wheat and potato bread
wheat and rye bread,wheat and rye bread,wheat and rye bread
wheat beer,beer,wheat
wheat bran,wheat,bran
wheat bread,wheat bread,wheat bread
wheat coffee,wheat coffee,wheat coffee
wheat crisp bread,wheat crisp bread,wheat crisp bread
wheat flakes,wheat,flackes
wheat flour,wheat,flour
wheat grain,wheat,grain
wheat groat,wheat,groat
wheat semolina,weat,semolina
wheat white flour,wheat,white flour
whey,whey,whey
whey powder,whey,powder
whey protein,whey,protein
whisky,whisky,whisky
white cabbage,cabbage,white
white chocolate,chocolate,white
white pepper,pepper,white
white perch,perch,white
white shrimp,shrimp,white
white tuna,tuna,white
white wine,wine,white
whitefish,whitefish,whitefish
whiting,whiting,whiting
whole milk powder,milk,whole powder
wholemeal oat,oat,wholemeal
wholemeal pasta,pasta,wholemeal
wholemeal rye bread ,rye bread,wholemeal
wholemeal rye crisp bread ,rye crisp bread,wholemeal
wholemeal rye flour,rye,wholemeal flour
wholemeal spelt flour,spelt,wholemeal flour
wholemeal wheat and rye bread,wheat and rye bread,wholemeal
wholemeal wheat biscuit,biscuit,wheat wholemeal
wholemeal wheat bread,wheat bread,wholemeal
wholemeal wheat flour,wheat,wholemeal flour
wholmeal rusk,rusk,wholemeal
wild boar fat tissue,wild boar,fat tissue
wild boar fresh meat,wild boar,fresh meat
wild boar liver,wild boar,liver
wine,wine,wine
wine like drink,wine like,drink
wine rose,wine,rose
witch flounder,witch flounder,witch flounder
witloof,witloof,witloof
wolffish,wolffish,wolffish
yeast,yeast,yeast
yellow cod,cod,yellow
yellowfin sole,sole,yellowfin
yellowfin tuna,tuna,yellowfin
yellowtail flounder,yellowtail flounder,yellowtail flounder
yoghurt,yoghurt,yoghurt
